{
    "permutation_seed": 43,
    "test_size": 0.2,
    "partition_seed": 42,
    "n_class": 10,
    "all_tr_loss": [
        2.2646752796143153,
        2.2104414179336334,
        2.1847447780088127,
        2.170549128456056,
        2.1598946086278703,
        2.149364624891775,
        2.1439582960946217,
        2.1373515787828286,
        2.132390004312225,
        2.1288227189092472,
        2.126330645155495,
        2.123314535973398,
        2.119276742545926,
        2.116869620288747,
        2.1146744843367693
    ],
    "all_test_loss": [
        2.229300022125244,
        2.201010227203369,
        2.1878304481506348,
        2.1809215545654297,
        2.1714634895324707,
        2.164170503616333,
        2.1632254123687744,
        2.158874034881592,
        2.155646562576294,
        2.153846263885498,
        2.150858163833618,
        2.1496877670288086,
        2.1496810913085938,
        2.1475722789764404,
        2.1455540657043457
    ],
    "all_tr_acc": [
        0.4717425431711146,
        0.8116169544740973,
        0.8932496075353218,
        0.9120879120879121,
        0.9309262166405023,
        0.9379905808477237,
        0.9521193092621664,
        0.9599686028257457,
        0.9615384615384616,
        0.9631083202511774,
        0.9654631083202512,
        0.9693877551020408,
        0.9678178963893249,
        0.9795918367346939,
        0.9740973312401884
    ],
    "all_test_acc": [
        0.7178683385579937,
        0.8401253918495298,
        0.8589341692789969,
        0.8369905956112853,
        0.8683385579937304,
        0.8714733542319749,
        0.8871473354231975,
        0.8934169278996865,
        0.896551724137931,
        0.8840125391849529,
        0.9153605015673981,
        0.9184952978056427,
        0.8996865203761756,
        0.9247648902821317,
        0.9090909090909091
    ],
    "models_tensors": "../exps/Setting_2/models_tensors.pth"
}