{
    "permutation_seed": 43,
    "test_size": 0.2,
    "partition_seed": 42,
    "n_class": 10,
    "all_tr_loss": [
        2.2657365566894434,
        2.210770721525375,
        2.184385216591684,
        2.1688722029585668,
        2.156737070817214,
        2.148212560491996,
        2.1418046225183986,
        2.1371862210883075,
        2.1305058009957594,
        2.1265440155610187,
        2.1233834322056553,
        2.1193709897471,
        2.1174455351507646,
        2.1139640433821985,
        2.113088150787952,
        2.1128714279252656,
        2.1087915904855055,
        2.106361824826131,
        2.10644169392728,
        2.103800977605104,
        2.102843560453861,
        2.1018538145667156,
        2.0996685619444078,
        2.099503990245202,
        2.0974776965669784,
        2.097706761053256,
        2.0957993151067376,
        2.094977479527472,
        2.0953429673492816,
        2.09398707003571
    ],
    "all_test_loss": [
        2.2303261756896973,
        2.2018680572509766,
        2.18780779838562,
        2.176358222961426,
        2.168299674987793,
        2.1640584468841553,
        2.159428358078003,
        2.1570851802825928,
        2.1543209552764893,
        2.1511611938476562,
        2.150498867034912,
        2.15132737159729,
        2.1455442905426025,
        2.144947052001953,
        2.148726224899292,
        2.1440439224243164,
        2.144434928894043,
        2.142141819000244,
        2.1420722007751465,
        2.1418025493621826,
        2.1429972648620605,
        2.138855457305908,
        2.1413190364837646,
        2.1384823322296143,
        2.1378111839294434,
        2.1376237869262695,
        2.137272834777832,
        2.1357262134552,
        2.1362860202789307,
        2.138225793838501
    ],
    "all_tr_acc": [
        0.47095761381475665,
        0.8178963893249608,
        0.8901098901098901,
        0.9230769230769231,
        0.9387755102040817,
        0.9521193092621664,
        0.9552590266875981,
        0.957613814756672,
        0.966248037676609,
        0.967032967032967,
        0.9740973312401884,
        0.9733124018838305,
        0.9733124018838305,
        0.9756671899529042,
        0.9748822605965463,
        0.978021978021978,
        0.9772370486656201,
        0.9827315541601256,
        0.9858712715855573,
        0.9827315541601256,
        0.9843014128728415,
        0.9827315541601256,
        0.9827315541601256,
        0.9850863422291993,
        0.9858712715855573,
        0.9866562009419152,
        0.9874411302982732,
        0.989010989010989,
        0.9874411302982732,
        0.9897959183673469
    ],
    "all_test_acc": [
        0.7084639498432602,
        0.8244514106583072,
        0.8432601880877743,
        0.8652037617554859,
        0.877742946708464,
        0.877742946708464,
        0.896551724137931,
        0.9090909090909091,
        0.8934169278996865,
        0.8996865203761756,
        0.9059561128526645,
        0.9090909090909091,
        0.896551724137931,
        0.9122257053291536,
        0.9216300940438872,
        0.9247648902821317,
        0.9341692789968652,
        0.9216300940438872,
        0.8996865203761756,
        0.9216300940438872,
        0.9090909090909091,
        0.9216300940438872,
        0.9184952978056427,
        0.9310344827586207,
        0.9184952978056427,
        0.9404388714733543,
        0.9435736677115988,
        0.9341692789968652,
        0.9247648902821317,
        0.9247648902821317
    ],
    "models_tensors": "../exps/Setting_2/models_tensors.pth"
}