{
    "permutation_seed": 43,
    "test_size": 0.2,
    "partition_seed": 42,
    "n_class": 10,
    "all_tr_loss": [
        2.2954171804281382,
        2.2716430101888707,
        2.257574727059908,
        2.249439374992574,
        2.242406487277763,
        2.2360330473871395,
        2.2313301832747046,
        2.2269019275856916,
        2.2231740794339023,
        2.220454296474367,
        2.217940181166261,
        2.215112447364364,
        2.213703860293378,
        2.211262071151374,
        2.209518001068331
    ],
    "all_test_loss": [
        2.2808921337127686,
        2.2641799449920654,
        2.253561496734619,
        2.246922731399536,
        2.2415988445281982,
        2.238682508468628,
        2.233336925506592,
        2.2293598651885986,
        2.2280733585357666,
        2.2248611450195312,
        2.2233238220214844,
        2.2221426963806152,
        2.218721389770508,
        2.2195143699645996,
        2.215707302093506
    ],
    "all_tr_acc": [
        0.14599686028257458,
        0.28335949764521196,
        0.3626373626373626,
        0.41287284144427,
        0.44191522762951335,
        0.48430141287284145,
        0.5133437990580848,
        0.5321821036106751,
        0.5408163265306123,
        0.5659340659340659,
        0.5808477237048666,
        0.5784929356357927,
        0.5690737833594977,
        0.5957613814756672,
        0.5894819466248038
    ],
    "all_test_acc": [
        0.27899686520376177,
        0.32601880877742945,
        0.3793103448275862,
        0.3793103448275862,
        0.445141065830721,
        0.43260188087774293,
        0.42946708463949845,
        0.4670846394984326,
        0.49216300940438873,
        0.5235109717868338,
        0.4952978056426332,
        0.5203761755485894,
        0.5235109717868338,
        0.5078369905956113,
        0.5329153605015674
    ],
    "models_tensors": "../exps/Setting_2/models_tensors_1.pth"
}