{
    "permutation_seed": 43,
    "test_size": 0.2,
    "partition_seed": 42,
    "n_class": 10,
    "all_tr_loss": [
        2.2819239632862516,
        2.244601154252536,
        2.2270335335185054,
        2.2137459260141084,
        2.204794962327559,
        2.1976636485364787,
        2.1918179446150035,
        2.1870800187486683,
        2.1826147486688203,
        2.1799279857467817,
        2.176475795135019,
        2.174539783498743,
        2.170214971530381,
        2.1682921537611883,
        2.170075940187535,
        2.164485983047605,
        2.1632136145790857,
        2.161422318903206,
        2.1620642880629894,
        2.160056479123174,
        2.158773408392722,
        2.157286216924479,
        2.1551755653632867,
        2.15489259656969,
        2.153260320471819,
        2.1528205347585154,
        2.153148812813512,
        2.1514122890340666,
        2.1529314693888093,
        2.1528946971593883
    ],
    "all_test_loss": [
        2.2594501972198486,
        2.2339859008789062,
        2.2260847091674805,
        2.2122719287872314,
        2.207172155380249,
        2.2056901454925537,
        2.194875955581665,
        2.1950576305389404,
        2.1923415660858154,
        2.1886136531829834,
        2.185242176055908,
        2.1870439052581787,
        2.1846024990081787,
        2.185030937194824,
        2.183802604675293,
        2.179389476776123,
        2.1791703701019287,
        2.176076650619507,
        2.1869311332702637,
        2.1766297817230225,
        2.1807548999786377,
        2.1786468029022217,
        2.175471544265747,
        2.1753671169281006,
        2.1755778789520264,
        2.1736810207366943,
        2.1781961917877197,
        2.178948402404785,
        2.1763126850128174,
        2.171630620956421
    ],
    "all_tr_acc": [
        0.2401883830455259,
        0.4207221350078493,
        0.5007849293563579,
        0.597331240188383,
        0.6444270015698587,
        0.6562009419152276,
        0.6923076923076923,
        0.6938775510204082,
        0.6985871271585558,
        0.7260596546310832,
        0.7252747252747253,
        0.7291993720565149,
        0.7394034536891679,
        0.7433281004709577,
        0.7527472527472527,
        0.7566718995290423,
        0.7637362637362637,
        0.7621664050235479,
        0.7668759811616954,
        0.7731554160125589,
        0.7778649921507065,
        0.7810047095761381,
        0.7982731554160125,
        0.7990580847723705,
        0.8021978021978022,
        0.8021978021978022,
        0.8037676609105181,
        0.8139717425431711,
        0.8092621664050236,
        0.7951334379905809
    ],
    "all_test_acc": [
        0.335423197492163,
        0.44200626959247646,
        0.5109717868338558,
        0.567398119122257,
        0.6238244514106583,
        0.6050156739811913,
        0.6426332288401254,
        0.6426332288401254,
        0.6551724137931034,
        0.6238244514106583,
        0.6363636363636364,
        0.6551724137931034,
        0.677115987460815,
        0.6614420062695925,
        0.664576802507837,
        0.670846394984326,
        0.664576802507837,
        0.6551724137931034,
        0.6332288401253918,
        0.677115987460815,
        0.658307210031348,
        0.6865203761755486,
        0.6833855799373041,
        0.7053291536050157,
        0.6896551724137931,
        0.6959247648902821,
        0.7053291536050157,
        0.6551724137931034,
        0.6739811912225705,
        0.6927899686520376
    ],
    "models_tensors": "../exps/Setting_2/models_tensors_1.pth"
}