{
    "permutation_seed": 43,
    "test_size": 0.2,
    "partition_seed": 42,
    "n_class": 10,
    "all_tr_loss": [
        2.2631672446731494,
        2.21265368708636,
        2.1877248216087066,
        2.171940881378797,
        2.1620194926928127,
        2.1534485824441236,
        2.145339574694072,
        2.1404825342319076,
        2.1343758712570935,
        2.1319421917153303,
        2.129415204423937,
        2.124227731156761,
        2.1235977592797632,
        2.118961105541307,
        2.117572157498993
    ],
    "all_test_loss": [
        2.229642391204834,
        2.2030670642852783,
        2.188788414001465,
        2.1817173957824707,
        2.1747472286224365,
        2.1703433990478516,
        2.1663520336151123,
        2.1636502742767334,
        2.1610894203186035,
        2.1606712341308594,
        2.158982992172241,
        2.1578798294067383,
        2.1525721549987793,
        2.153069257736206,
        2.152092695236206
    ],
    "all_tr_acc": [
        0.42778649921507067,
        0.7323390894819466,
        0.8328100470957613,
        0.8751962323390895,
        0.9050235478806907,
        0.9144427001569859,
        0.9317111459968603,
        0.9379905808477237,
        0.9497645211930926,
        0.9513343799058085,
        0.9560439560439561,
        0.967032967032967,
        0.9638932496075353,
        0.966248037676609,
        0.9693877551020408
    ],
    "all_test_acc": [
        0.64576802507837,
        0.6896551724137931,
        0.8181818181818182,
        0.8369905956112853,
        0.8087774294670846,
        0.8369905956112853,
        0.8652037617554859,
        0.8652037617554859,
        0.9028213166144201,
        0.8652037617554859,
        0.8808777429467085,
        0.8652037617554859,
        0.8840125391849529,
        0.8934169278996865,
        0.890282131661442
    ],
    "models_tensors": "../exps/Setting_2/models_tensors_2x4.pth"
}