{
    "permutation_seed": 43,
    "test_size": 0.2,
    "partition_seed": 42,
    "n_class": 10,
    "all_tr_loss": [
        2.2662861313512974,
        2.212126634558853,
        2.185455988490226,
        2.1725167872580107,
        2.159522097002206,
        2.1509917796687392,
        2.144169939930435,
        2.138122241949923,
        2.133775053069206,
        2.1291053175364785,
        2.1255825576452856,
        2.1221550630063426,
        2.1208633830071992,
        2.11885105908572,
        2.114962925903464,
        2.1138269291193557,
        2.113280340116851,
        2.111619152865567,
        2.1094981665888235,
        2.1081955672433277,
        2.1063550233466657,
        2.105954266417906,
        2.1027183487800825,
        2.10416425715436,
        2.10178584468608,
        2.1013277793417173,
        2.1006235537386764,
        2.098798154474615,
        2.0992835095763396,
        2.0971747844522377
    ],
    "all_test_loss": [
        2.2332746982574463,
        2.2013630867004395,
        2.192304849624634,
        2.1802616119384766,
        2.1733953952789307,
        2.169226884841919,
        2.163630485534668,
        2.16059947013855,
        2.1606671810150146,
        2.1548011302948,
        2.1517348289489746,
        2.154176712036133,
        2.1517603397369385,
        2.151637554168701,
        2.1476821899414062,
        2.1480135917663574,
        2.1495509147644043,
        2.146625280380249,
        2.1488864421844482,
        2.1439197063446045,
        2.147181749343872,
        2.143817663192749,
        2.1426429748535156,
        2.147596836090088,
        2.1423463821411133,
        2.14418363571167,
        2.141401529312134,
        2.14229154586792,
        2.1411099433898926,
        2.141326427459717
    ],
    "all_tr_acc": [
        0.42229199372056514,
        0.7566718995290423,
        0.8618524332810047,
        0.9081632653061225,
        0.9254317111459969,
        0.9419152276295133,
        0.9497645211930926,
        0.9489795918367347,
        0.9544740973312402,
        0.9513343799058085,
        0.9623233908948194,
        0.9615384615384616,
        0.967032967032967,
        0.966248037676609,
        0.9646781789638933,
        0.9709576138147566,
        0.9709576138147566,
        0.9701726844583988,
        0.9733124018838305,
        0.9772370486656201,
        0.9756671899529042,
        0.9764521193092621,
        0.9756671899529042,
        0.978021978021978,
        0.9803767660910518,
        0.9827315541601256,
        0.9858712715855573,
        0.9803767660910518,
        0.9795918367346939,
        0.9843014128728415
    ],
    "all_test_acc": [
        0.6206896551724138,
        0.8025078369905956,
        0.8526645768025078,
        0.8526645768025078,
        0.8652037617554859,
        0.8683385579937304,
        0.8714733542319749,
        0.8746081504702194,
        0.8934169278996865,
        0.896551724137931,
        0.9028213166144201,
        0.8871473354231975,
        0.8996865203761756,
        0.8808777429467085,
        0.9059561128526645,
        0.9122257053291536,
        0.9028213166144201,
        0.9059561128526645,
        0.8996865203761756,
        0.9028213166144201,
        0.9122257053291536,
        0.9028213166144201,
        0.8996865203761756,
        0.9059561128526645,
        0.9028213166144201,
        0.9090909090909091,
        0.9122257053291536,
        0.9153605015673981,
        0.9059561128526645,
        0.9059561128526645
    ],
    "models_tensors": "../exps/Setting_2/models_tensors_2x4.pth"
}