{
    "permutation_seed": 43,
    "test_size": 0.2,
    "partition_seed": 42,
    "n_class": 10,
    "all_tr_loss": [
        2.2731006306419195,
        2.228363335787595,
        2.2080595938713996,
        2.1946181584751963,
        2.183054614853073,
        2.1753710259448042,
        2.1695410894636455,
        2.1647775536242233,
        2.160812792261504,
        2.1586359965745094,
        2.153346055718007,
        2.1510360199765097,
        2.1494816090660156,
        2.145121047036427,
        2.143459435721956,
        2.142092288943999,
        2.143861331221073,
        2.140427379069186,
        2.1383364698389076,
        2.1389095322864957,
        2.135704360165439,
        2.1344446349929975,
        2.1319311499782785,
        2.131210211494841,
        2.1313149659562525,
        2.1284063098194834,
        2.129176152182898,
        2.126642945048573,
        2.1252977507455006,
        2.1245155712498973
    ],
    "all_test_loss": [
        2.2449092864990234,
        2.220095634460449,
        2.2104015350341797,
        2.1978671550750732,
        2.190438985824585,
        2.185910701751709,
        2.190171480178833,
        2.185687780380249,
        2.181259870529175,
        2.177999973297119,
        2.1744816303253174,
        2.1779189109802246,
        2.176614761352539,
        2.1732187271118164,
        2.1741716861724854,
        2.1756927967071533,
        2.1725449562072754,
        2.1693227291107178,
        2.1688079833984375,
        2.170743942260742,
        2.173251152038574,
        2.168246030807495,
        2.167804479598999,
        2.1713273525238037,
        2.1694791316986084,
        2.171376943588257,
        2.1681833267211914,
        2.1683132648468018,
        2.1668620109558105,
        2.1689350605010986
    ],
    "all_tr_acc": [
        0.3414442700156986,
        0.641287284144427,
        0.7182103610675039,
        0.7566718995290423,
        0.7982731554160125,
        0.8171114599686028,
        0.8312401883830455,
        0.8367346938775511,
        0.847723704866562,
        0.8508634222919937,
        0.8649921507064364,
        0.8751962323390895,
        0.8602825745682888,
        0.8736263736263736,
        0.8767660910518054,
        0.880690737833595,
        0.8854003139717426,
        0.8822605965463108,
        0.8854003139717426,
        0.8932496075353218,
        0.8987441130298273,
        0.8956043956043956,
        0.9010989010989011,
        0.8995290423861853,
        0.9065934065934066,
        0.9010989010989011,
        0.9010989010989011,
        0.9167974882260597,
        0.9120879120879121,
        0.9136577708006279
    ],
    "all_test_acc": [
        0.554858934169279,
        0.664576802507837,
        0.6614420062695925,
        0.7241379310344828,
        0.7460815047021944,
        0.7335423197492164,
        0.7241379310344828,
        0.7210031347962382,
        0.7241379310344828,
        0.7429467084639498,
        0.7366771159874608,
        0.7429467084639498,
        0.7398119122257053,
        0.7429467084639498,
        0.7554858934169278,
        0.7335423197492164,
        0.7586206896551724,
        0.7554858934169278,
        0.7774294670846394,
        0.7460815047021944,
        0.7586206896551724,
        0.7617554858934169,
        0.774294670846395,
        0.7429467084639498,
        0.774294670846395,
        0.7617554858934169,
        0.7648902821316614,
        0.7711598746081505,
        0.7711598746081505,
        0.7586206896551724
    ],
    "models_tensors": "../exps/Setting_2/models_tensors_8x1.pth"
}