{
    "permutation_seed": 44,
    "test_size": 0.2,
    "partition_seed": 42,
    "n_class": 10,
    "all_tr_loss": [
        2.2658846258555703,
        2.20989089034603,
        2.1820731552279726,
        2.1651713054633026,
        2.154193100412749,
        2.144074961379334,
        2.1379579921345133,
        2.132705139402692,
        2.1284873556679047,
        2.1248216191116645,
        2.1188118978048234,
        2.116696959949176,
        2.114100752670312,
        2.1126894104986027,
        2.1112196613892658,
        2.108340940445521,
        2.1077544356066165,
        2.1041775816463786,
        2.101431662096895,
        2.101398067908534,
        2.1019715783734525,
        2.100326044031739,
        2.098268901908791,
        2.0975124817253845,
        2.0964586435344943,
        2.0950805856444212,
        2.0937720786084184,
        2.09427024655664,
        2.093191612833523,
        2.0912782726707038
    ],
    "all_test_loss": [
        2.230281114578247,
        2.1975600719451904,
        2.1827001571655273,
        2.1719017028808594,
        2.1646034717559814,
        2.159660816192627,
        2.1581881046295166,
        2.15419602394104,
        2.153877019882202,
        2.146953821182251,
        2.1455864906311035,
        2.147085428237915,
        2.1433305740356445,
        2.1445469856262207,
        2.1401429176330566,
        2.143967866897583,
        2.1428189277648926,
        2.137537717819214,
        2.1385581493377686,
        2.141282320022583,
        2.1390743255615234,
        2.1404592990875244,
        2.1375906467437744,
        2.136075496673584,
        2.1364946365356445,
        2.1351583003997803,
        2.1358304023742676,
        2.1348705291748047,
        2.1344263553619385,
        2.1338114738464355
    ],
    "all_tr_acc": [
        0.47095761381475665,
        0.8524332810047096,
        0.9081632653061225,
        0.9246467817896389,
        0.9356357927786499,
        0.9474097331240189,
        0.9560439560439561,
        0.956828885400314,
        0.9631083202511774,
        0.9686028257456829,
        0.9748822605965463,
        0.9717425431711146,
        0.9748822605965463,
        0.9795918367346939,
        0.9772370486656201,
        0.9764521193092621,
        0.9827315541601256,
        0.9811616954474097,
        0.9827315541601256,
        0.9850863422291993,
        0.9858712715855573,
        0.9866562009419152,
        0.9882260596546311,
        0.989010989010989,
        0.9866562009419152,
        0.9882260596546311,
        0.989010989010989,
        0.989010989010989,
        0.989010989010989,
        0.9913657770800628
    ],
    "all_test_acc": [
        0.768025078369906,
        0.8526645768025078,
        0.877742946708464,
        0.8746081504702194,
        0.8840125391849529,
        0.9059561128526645,
        0.9090909090909091,
        0.9122257053291536,
        0.9028213166144201,
        0.9373040752351097,
        0.9278996865203761,
        0.9122257053291536,
        0.9278996865203761,
        0.9278996865203761,
        0.9278996865203761,
        0.9184952978056427,
        0.9310344827586207,
        0.9341692789968652,
        0.9341692789968652,
        0.9028213166144201,
        0.9341692789968652,
        0.9373040752351097,
        0.9373040752351097,
        0.9341692789968652,
        0.9247648902821317,
        0.9373040752351097,
        0.9404388714733543,
        0.9247648902821317,
        0.9247648902821317,
        0.9310344827586207
    ],
    "models_tensors": "../exps/Setting_3/models_tensors.pth"
}