{
    "permutation_seed": 44,
    "test_size": 0.2,
    "partition_seed": 42,
    "n_class": 10,
    "all_tr_loss": [
        2.2630843869183837,
        2.2070999283992703,
        2.1805112103652355,
        2.164185548315243,
        2.153013883243363,
        2.1439233133145366,
        2.1370249056554105,
        2.1315328644433613,
        2.1260999240905187,
        2.1231384917368508,
        2.1189175206039166,
        2.115307248742839,
        2.113658379909569,
        2.1100534281139285,
        2.107837665024882
    ],
    "all_test_loss": [
        2.226513624191284,
        2.1959214210510254,
        2.1808078289031982,
        2.17128849029541,
        2.165079116821289,
        2.1625139713287354,
        2.1555116176605225,
        2.150359869003296,
        2.1512234210968018,
        2.1495447158813477,
        2.1456987857818604,
        2.1458473205566406,
        2.1410396099090576,
        2.1406188011169434,
        2.141418933868408
    ],
    "all_tr_acc": [
        0.4811616954474097,
        0.8383045525902669,
        0.9034536891679749,
        0.9215070643642073,
        0.934850863422292,
        0.9481946624803768,
        0.9521193092621664,
        0.9591836734693877,
        0.967032967032967,
        0.966248037676609,
        0.9654631083202512,
        0.9725274725274725,
        0.9740973312401884,
        0.9772370486656201,
        0.9795918367346939
    ],
    "all_test_acc": [
        0.768025078369906,
        0.8652037617554859,
        0.8746081504702194,
        0.890282131661442,
        0.8871473354231975,
        0.890282131661442,
        0.9059561128526645,
        0.9122257053291536,
        0.9184952978056427,
        0.9090909090909091,
        0.896551724137931,
        0.9216300940438872,
        0.9278996865203761,
        0.9278996865203761,
        0.9184952978056427
    ],
    "models_tensors": "../exps/Setting_3/models_tensors.pth"
}