{
    "permutation_seed": 44,
    "test_size": 0.2,
    "partition_seed": 42,
    "n_class": 10,
    "all_tr_loss": [
        2.293807422721779,
        2.263612069739277,
        2.2452235450175717,
        2.2335251332077912,
        2.22691810449214,
        2.221108165977514,
        2.217061393489269,
        2.2140030726158826,
        2.2103185593801165,
        2.208606796698817,
        2.2056958061559606,
        2.2036574395896875,
        2.203291105887205,
        2.2005290281454473,
        2.199621037748208
    ],
    "all_test_loss": [
        2.275447368621826,
        2.251568555831909,
        2.238542318344116,
        2.23111891746521,
        2.225064516067505,
        2.2214605808258057,
        2.217573404312134,
        2.215425491333008,
        2.212766408920288,
        2.2098474502563477,
        2.2086668014526367,
        2.2080674171447754,
        2.207489013671875,
        2.204008102416992,
        2.2029547691345215
    ],
    "all_tr_acc": [
        0.22291993720565148,
        0.36342229199372056,
        0.44505494505494503,
        0.4945054945054945,
        0.5078492935635793,
        0.5400313971742543,
        0.5478806907378336,
        0.5392464678178964,
        0.5792778649921507,
        0.5816326530612245,
        0.6051805337519623,
        0.6106750392464678,
        0.6051805337519623,
        0.6185243328100472,
        0.630298273155416
    ],
    "all_test_acc": [
        0.34169278996865204,
        0.4608150470219436,
        0.45768025078369906,
        0.45768025078369906,
        0.49216300940438873,
        0.49216300940438873,
        0.49843260188087773,
        0.5203761755485894,
        0.5297805642633229,
        0.5360501567398119,
        0.542319749216301,
        0.5360501567398119,
        0.54858934169279,
        0.5799373040752351,
        0.5736677115987461
    ],
    "models_tensors": "../exps/Setting_3/models_tensors_1.pth"
}