{
    "permutation_seed": 44,
    "test_size": 0.2,
    "partition_seed": 42,
    "n_class": 10,
    "all_tr_loss": [
        2.283124975731459,
        2.2443085839647328,
        2.218899427440889,
        2.2061914708962433,
        2.195432440639478,
        2.187441338923887,
        2.1820233923674004,
        2.1780684013007385,
        2.1764459303072896,
        2.1704641473910873,
        2.168042089725776,
        2.1655891199875477,
        2.163599271040696,
        2.1631471216210767,
        2.1597704887390137,
        2.1582665709161684,
        2.154630123913943,
        2.1556592260836807,
        2.1521272464674346,
        2.1509027211594995,
        2.150696557582454,
        2.1515221135395475,
        2.1474333090160855,
        2.1486671161801323,
        2.1462501506416167,
        2.146290651108818,
        2.1479649255563924,
        2.1442993746447603,
        2.1426223619392193,
        2.1420646357573743
    ],
    "all_test_loss": [
        2.2576637268066406,
        2.2319319248199463,
        2.2139699459075928,
        2.205878734588623,
        2.1957218647003174,
        2.18881893157959,
        2.186175584793091,
        2.1878106594085693,
        2.183155059814453,
        2.1837751865386963,
        2.1763193607330322,
        2.1780922412872314,
        2.179075002670288,
        2.1793739795684814,
        2.1722123622894287,
        2.168224573135376,
        2.173278331756592,
        2.1689558029174805,
        2.166768789291382,
        2.170687675476074,
        2.1683101654052734,
        2.1663870811462402,
        2.1659040451049805,
        2.1675639152526855,
        2.163973808288574,
        2.167018413543701,
        2.1616673469543457,
        2.163093090057373,
        2.1640591621398926,
        2.1601154804229736
    ],
    "all_tr_acc": [
        0.24803767660910517,
        0.4089481946624804,
        0.5321821036106751,
        0.5918367346938775,
        0.6240188383045526,
        0.6326530612244898,
        0.6514913657770801,
        0.6930926216640503,
        0.7001569858712716,
        0.7197802197802198,
        0.7339089481946625,
        0.7378335949764521,
        0.7543171114599686,
        0.7551020408163265,
        0.7684458398744113,
        0.7645211930926217,
        0.783359497645212,
        0.7912087912087912,
        0.7810047095761381,
        0.792778649921507,
        0.7967032967032966,
        0.7896389324960753,
        0.8076923076923077,
        0.8053375196232339,
        0.8029827315541601,
        0.8116169544740973,
        0.8171114599686028,
        0.8155416012558869,
        0.8226059654631083,
        0.8178963893249608
    ],
    "all_test_acc": [
        0.3887147335423197,
        0.4608150470219436,
        0.5736677115987461,
        0.554858934169279,
        0.5893416927899686,
        0.6018808777429467,
        0.5987460815047022,
        0.6050156739811913,
        0.6394984326018809,
        0.6238244514106583,
        0.658307210031348,
        0.670846394984326,
        0.6426332288401254,
        0.6426332288401254,
        0.6865203761755486,
        0.6896551724137931,
        0.664576802507837,
        0.6959247648902821,
        0.7084639498432602,
        0.6896551724137931,
        0.7210031347962382,
        0.7115987460815048,
        0.6865203761755486,
        0.7053291536050157,
        0.7398119122257053,
        0.7084639498432602,
        0.7272727272727273,
        0.7366771159874608,
        0.7272727272727273,
        0.7304075235109718
    ],
    "models_tensors": "../exps/Setting_3/models_tensors_1.pth"
}