{
    "permutation_seed": 44,
    "test_size": 0.2,
    "partition_seed": 42,
    "n_class": 10,
    "all_tr_loss": [
        2.2645491494488676,
        2.208870393702149,
        2.1836825712135113,
        2.1682398495157624,
        2.1571255942903096,
        2.150392949674717,
        2.1427586572697996,
        2.13758861026734,
        2.134997389567329,
        2.1293189971001594,
        2.1252938076690002,
        2.1224658650169195,
        2.1193865853912977,
        2.1170983808568358,
        2.114314799780374,
        2.1128612788543224,
        2.1130054678235735,
        2.108682614480682,
        2.1075525800324684,
        2.1085184514990405,
        2.1068131781447814,
        2.106841353831149,
        2.1077138348314413,
        2.1035082972779566,
        2.101888258004301,
        2.101175081411748,
        2.0978610324709908,
        2.098828385725875,
        2.0977779894459005,
        2.099575391182533
    ],
    "all_test_loss": [
        2.2266619205474854,
        2.1981821060180664,
        2.183830738067627,
        2.1746609210968018,
        2.1672165393829346,
        2.1626696586608887,
        2.16337513923645,
        2.158548593521118,
        2.1548025608062744,
        2.15325665473938,
        2.149533987045288,
        2.1493027210235596,
        2.152327299118042,
        2.1447391510009766,
        2.1450512409210205,
        2.1441712379455566,
        2.1410319805145264,
        2.141265869140625,
        2.1431853771209717,
        2.1423990726470947,
        2.1402270793914795,
        2.1440372467041016,
        2.1410419940948486,
        2.1386489868164062,
        2.140733003616333,
        2.137817859649658,
        2.1368396282196045,
        2.137321949005127,
        2.1396894454956055,
        2.139134645462036
    ],
    "all_tr_acc": [
        0.5180533751962323,
        0.8359497645211931,
        0.9034536891679749,
        0.9183673469387755,
        0.9364207221350078,
        0.9372056514913658,
        0.9497645211930926,
        0.9521193092621664,
        0.9529042386185244,
        0.9638932496075353,
        0.9646781789638933,
        0.966248037676609,
        0.967032967032967,
        0.9709576138147566,
        0.9709576138147566,
        0.9740973312401884,
        0.9740973312401884,
        0.9764521193092621,
        0.978806907378336,
        0.9733124018838305,
        0.978806907378336,
        0.9748822605965463,
        0.978806907378336,
        0.9764521193092621,
        0.9811616954474097,
        0.9795918367346939,
        0.9803767660910518,
        0.978806907378336,
        0.9835164835164835,
        0.9803767660910518
    ],
    "all_test_acc": [
        0.780564263322884,
        0.8401253918495298,
        0.8463949843260188,
        0.8652037617554859,
        0.877742946708464,
        0.8746081504702194,
        0.8589341692789969,
        0.877742946708464,
        0.8996865203761756,
        0.8996865203761756,
        0.8996865203761756,
        0.8996865203761756,
        0.9184952978056427,
        0.8934169278996865,
        0.9090909090909091,
        0.9028213166144201,
        0.9090909090909091,
        0.8996865203761756,
        0.9122257053291536,
        0.9122257053291536,
        0.9184952978056427,
        0.9090909090909091,
        0.9090909090909091,
        0.9028213166144201,
        0.9122257053291536,
        0.9153605015673981,
        0.9090909090909091,
        0.9028213166144201,
        0.9059561128526645,
        0.9153605015673981
    ],
    "models_tensors": "../exps/Setting_3/models_tensors_2x4.pth"
}