{
    "permutation_seed": 44,
    "test_size": 0.2,
    "partition_seed": 42,
    "n_class": 10,
    "all_tr_loss": [
        2.2664692480485518,
        2.216044805487808,
        2.189005609958475,
        2.17278171409056,
        2.161520022238068,
        2.1526740970940943,
        2.143500710581685,
        2.1378422356100995,
        2.131130489861385,
        2.127865273686743,
        2.124753174265288,
        2.1227159896862564,
        2.117331016756115,
        2.1145873313047447,
        2.113111838441067
    ],
    "all_test_loss": [
        2.2318670749664307,
        2.2024810314178467,
        2.186833381652832,
        2.179992198944092,
        2.1707987785339355,
        2.1635994911193848,
        2.1576881408691406,
        2.154381036758423,
        2.1529150009155273,
        2.1509850025177,
        2.149441719055176,
        2.1486353874206543,
        2.144313097000122,
        2.1443963050842285,
        2.1421830654144287
    ],
    "all_tr_acc": [
        0.45447409733124017,
        0.7747252747252747,
        0.8775510204081632,
        0.9144427001569859,
        0.9317111459968603,
        0.9379905808477237,
        0.945839874411303,
        0.9481946624803768,
        0.956828885400314,
        0.9599686028257457,
        0.9623233908948194,
        0.9583987441130298,
        0.966248037676609,
        0.9693877551020408,
        0.9725274725274725
    ],
    "all_test_acc": [
        0.7335423197492164,
        0.8244514106583072,
        0.8495297805642633,
        0.8401253918495298,
        0.8934169278996865,
        0.8589341692789969,
        0.8808777429467085,
        0.8840125391849529,
        0.9028213166144201,
        0.8840125391849529,
        0.8808777429467085,
        0.8808777429467085,
        0.890282131661442,
        0.8871473354231975,
        0.8934169278996865
    ],
    "models_tensors": "../exps/Setting_3/models_tensors_2x4.pth"
}