{
    "permutation_seed": 44,
    "test_size": 0.2,
    "partition_seed": 42,
    "n_class": 10,
    "all_tr_loss": [
        2.266044392503412,
        2.2185799439249085,
        2.1954809402932924,
        2.1825859374490975,
        2.1728723284962412,
        2.1671175080902723,
        2.1621652049958424,
        2.1571804417920073,
        2.1528043301550897,
        2.1501948646323834,
        2.1465770663047326,
        2.146834290757471,
        2.1416823171558708,
        2.1385631553793627,
        2.1372924764264885,
        2.1375319426250607,
        2.1355232219306792,
        2.1343563871817834,
        2.1334174225805693,
        2.1301198263931873,
        2.132030734836213,
        2.129557046635746,
        2.128934221701869,
        2.1311283583169454,
        2.1263737113359773,
        2.1240462598097007,
        2.1237596915318417,
        2.1234942126311536,
        2.1224351108916326,
        2.121223336673419
    ],
    "all_test_loss": [
        2.2350716590881348,
        2.208313465118408,
        2.192976713180542,
        2.1855075359344482,
        2.184108257293701,
        2.180269241333008,
        2.174194812774658,
        2.169422149658203,
        2.1664352416992188,
        2.165656089782715,
        2.1662757396698,
        2.163713216781616,
        2.15998911857605,
        2.161609649658203,
        2.161081552505493,
        2.1613709926605225,
        2.162125587463379,
        2.162534236907959,
        2.158496856689453,
        2.1565215587615967,
        2.1579723358154297,
        2.157761573791504,
        2.1583664417266846,
        2.156439781188965,
        2.152920722961426,
        2.157677173614502,
        2.1554877758026123,
        2.159113883972168,
        2.1573314666748047,
        2.1599442958831787
    ],
    "all_tr_acc": [
        0.4301412872841444,
        0.652276295133438,
        0.7221350078492935,
        0.7472527472527473,
        0.7676609105180534,
        0.7888540031397174,
        0.7974882260596546,
        0.8100470957613815,
        0.8178963893249608,
        0.8241758241758241,
        0.8508634222919937,
        0.8508634222919937,
        0.8657770800627943,
        0.8744113029827315,
        0.8720565149136578,
        0.8814756671899528,
        0.8932496075353218,
        0.8744113029827315,
        0.8822605965463108,
        0.8956043956043956,
        0.8846153846153846,
        0.8940345368916798,
        0.8963893249607535,
        0.8916797488226059,
        0.8995290423861853,
        0.8979591836734694,
        0.9120879120879121,
        0.9160125588697017,
        0.9120879120879121,
        0.9152276295133438
    ],
    "all_test_acc": [
        0.5705329153605015,
        0.664576802507837,
        0.6865203761755486,
        0.7021943573667712,
        0.7210031347962382,
        0.7053291536050157,
        0.7523510971786834,
        0.7429467084639498,
        0.7648902821316614,
        0.780564263322884,
        0.7554858934169278,
        0.7648902821316614,
        0.786833855799373,
        0.7648902821316614,
        0.7711598746081505,
        0.780564263322884,
        0.7648902821316614,
        0.7774294670846394,
        0.7648902821316614,
        0.7774294670846394,
        0.7899686520376176,
        0.7648902821316614,
        0.7774294670846394,
        0.7774294670846394,
        0.799373040752351,
        0.7836990595611285,
        0.786833855799373,
        0.7899686520376176,
        0.7836990595611285,
        0.768025078369906
    ],
    "models_tensors": "../exps/Setting_3/models_tensors_8x1.pth"
}