{
    "permutation_seed": 45,
    "test_size": 0.2,
    "partition_seed": 42,
    "n_class": 10,
    "all_tr_loss": [
        2.268326989897005,
        2.2144398165273143,
        2.1878849157545965,
        2.172082903620961,
        2.1603075016985884,
        2.152509622334311,
        2.1435287691173226,
        2.1388132721887465,
        2.136260451102743,
        2.1316926782509222,
        2.126481957113724,
        2.125646846073576,
        2.1218578194149624,
        2.1177664503010702,
        2.1152863034648086
    ],
    "all_test_loss": [
        2.2332406044006348,
        2.2029008865356445,
        2.187612533569336,
        2.1770377159118652,
        2.1727585792541504,
        2.166130542755127,
        2.1621580123901367,
        2.15932559967041,
        2.154500722885132,
        2.1509921550750732,
        2.1546597480773926,
        2.149972915649414,
        2.1471140384674072,
        2.144146203994751,
        2.1459057331085205
    ],
    "all_tr_acc": [
        0.5070643642072213,
        0.859497645211931,
        0.9081632653061225,
        0.9301412872841445,
        0.9270015698587127,
        0.9466248037676609,
        0.9529042386185244,
        0.9591836734693877,
        0.9552590266875981,
        0.9560439560439561,
        0.9638932496075353,
        0.9631083202511774,
        0.9631083202511774,
        0.9733124018838305,
        0.9701726844583988
    ],
    "all_test_acc": [
        0.8307210031347962,
        0.8526645768025078,
        0.877742946708464,
        0.8652037617554859,
        0.8746081504702194,
        0.890282131661442,
        0.896551724137931,
        0.8808777429467085,
        0.896551724137931,
        0.9090909090909091,
        0.896551724137931,
        0.9028213166144201,
        0.9059561128526645,
        0.9216300940438872,
        0.9122257053291536
    ],
    "models_tensors": "../exps/Setting_4/models_tensors.pth"
}