{
    "permutation_seed": 45,
    "test_size": 0.2,
    "partition_seed": 42,
    "n_class": 10,
    "all_tr_loss": [
        2.2674019014816644,
        2.2136523383004323,
        2.1868237917614133,
        2.171131038965198,
        2.1606192918175617,
        2.152077103334843,
        2.1460670889640343,
        2.1423596673333662,
        2.135108784940591,
        2.131228516202894,
        2.1271538805549897,
        2.1266717199627982,
        2.1215011014294585,
        2.1183552363978078,
        2.1172105244227817,
        2.1162808607661368,
        2.112360910119217,
        2.1118472445890704,
        2.111250658424533,
        2.1094508365708955,
        2.1066874585683153,
        2.1053663872100494,
        2.1034297157119917,
        2.1025675368645875,
        2.1044864714426375,
        2.1025354813556283,
        2.1017818368585366,
        2.1014687352502364,
        2.0988937154108163,
        2.097715361713427
    ],
    "all_test_loss": [
        2.2311043739318848,
        2.20143723487854,
        2.184597969055176,
        2.177611827850342,
        2.173105001449585,
        2.167708158493042,
        2.16439151763916,
        2.162057876586914,
        2.156467914581299,
        2.1561365127563477,
        2.1544551849365234,
        2.151494264602661,
        2.1483397483825684,
        2.1467318534851074,
        2.1477925777435303,
        2.1452765464782715,
        2.1472043991088867,
        2.142169713973999,
        2.1415677070617676,
        2.1417672634124756,
        2.1406748294830322,
        2.1402289867401123,
        2.140754222869873,
        2.142739772796631,
        2.137173652648926,
        2.138411283493042,
        2.141709327697754,
        2.1376888751983643,
        2.1405200958251953,
        2.1393187046051025
    ],
    "all_tr_acc": [
        0.4835164835164835,
        0.8281004709576139,
        0.8814756671899528,
        0.9050235478806907,
        0.9152276295133438,
        0.9254317111459969,
        0.934850863422292,
        0.9356357927786499,
        0.9403453689167975,
        0.9497645211930926,
        0.957613814756672,
        0.9599686028257457,
        0.9583987441130298,
        0.9646781789638933,
        0.9686028257456829,
        0.9646781789638933,
        0.9740973312401884,
        0.9709576138147566,
        0.9733124018838305,
        0.9748822605965463,
        0.9772370486656201,
        0.9756671899529042,
        0.978021978021978,
        0.978021978021978,
        0.9795918367346939,
        0.9803767660910518,
        0.9819466248037677,
        0.9803767660910518,
        0.9843014128728415,
        0.9858712715855573
    ],
    "all_test_acc": [
        0.7711598746081505,
        0.8150470219435737,
        0.8526645768025078,
        0.8526645768025078,
        0.8808777429467085,
        0.8683385579937304,
        0.877742946708464,
        0.8746081504702194,
        0.8934169278996865,
        0.896551724137931,
        0.8996865203761756,
        0.8996865203761756,
        0.9153605015673981,
        0.9184952978056427,
        0.9122257053291536,
        0.9247648902821317,
        0.9184952978056427,
        0.9184952978056427,
        0.9310344827586207,
        0.9247648902821317,
        0.9216300940438872,
        0.9310344827586207,
        0.9278996865203761,
        0.9278996865203761,
        0.9373040752351097,
        0.9498432601880877,
        0.9373040752351097,
        0.9435736677115988,
        0.9341692789968652,
        0.9310344827586207
    ],
    "models_tensors": "../exps/Setting_4/models_tensors.pth"
}