{
    "permutation_seed": 45,
    "test_size": 0.2,
    "partition_seed": 42,
    "n_class": 10,
    "all_tr_loss": [
        2.2842134276589197,
        2.246035649974829,
        2.223190581966981,
        2.207474020998369,
        2.1969473710052636,
        2.1910380886712666,
        2.184419870376587,
        2.1786791432409123,
        2.1751225035830606,
        2.1718911900063698,
        2.166842855875683,
        2.165884431153302,
        2.1659434043818404,
        2.1600611131269853,
        2.158259545240896,
        2.156072974392159,
        2.1536409667747174,
        2.1542155038992314,
        2.1512237841517807,
        2.1492625660200133,
        2.1480488825817496,
        2.148093563046897,
        2.145182246128843,
        2.145334289436999,
        2.146823308905777,
        2.1449883137617607,
        2.1437241473415023,
        2.1433949141150554,
        2.1446633458698936,
        2.140619853227816
    ],
    "all_test_loss": [
        2.257392406463623,
        2.2332053184509277,
        2.2147655487060547,
        2.2067511081695557,
        2.1994166374206543,
        2.1952507495880127,
        2.1915676593780518,
        2.187084197998047,
        2.184234142303467,
        2.1823036670684814,
        2.179920196533203,
        2.1888680458068848,
        2.1808934211730957,
        2.177750587463379,
        2.176907539367676,
        2.1752572059631348,
        2.1755423545837402,
        2.175363302230835,
        2.1748621463775635,
        2.1738665103912354,
        2.1724843978881836,
        2.1705973148345947,
        2.1733906269073486,
        2.1745047569274902,
        2.172964334487915,
        2.170316696166992,
        2.1703922748565674,
        2.1723556518554688,
        2.171268939971924,
        2.1694953441619873
    ],
    "all_tr_acc": [
        0.22998430141287285,
        0.4152276295133438,
        0.5580847723704867,
        0.5863422291993721,
        0.6483516483516484,
        0.6624803767660911,
        0.6899529042386185,
        0.7040816326530612,
        0.7182103610675039,
        0.7307692307692307,
        0.7378335949764521,
        0.749607535321821,
        0.7409733124018838,
        0.7590266875981162,
        0.7692307692307693,
        0.7629513343799058,
        0.783359497645212,
        0.7739403453689168,
        0.7951334379905809,
        0.7888540031397174,
        0.7974882260596546,
        0.7967032967032966,
        0.8131868131868132,
        0.8053375196232339,
        0.8014128728414442,
        0.8116169544740973,
        0.8131868131868132,
        0.8171114599686028,
        0.8171114599686028,
        0.826530612244898
    ],
    "all_test_acc": [
        0.3605015673981191,
        0.5611285266457681,
        0.5736677115987461,
        0.6144200626959248,
        0.6144200626959248,
        0.6206896551724138,
        0.6112852664576802,
        0.664576802507837,
        0.6614420062695925,
        0.6739811912225705,
        0.6833855799373041,
        0.6238244514106583,
        0.6551724137931034,
        0.6833855799373041,
        0.6865203761755486,
        0.6739811912225705,
        0.6833855799373041,
        0.7084639498432602,
        0.6739811912225705,
        0.6865203761755486,
        0.6833855799373041,
        0.6927899686520376,
        0.6833855799373041,
        0.677115987460815,
        0.6959247648902821,
        0.6959247648902821,
        0.7147335423197492,
        0.6990595611285266,
        0.7115987460815048,
        0.6927899686520376
    ],
    "models_tensors": "../exps/Setting_4/models_tensors_1.pth"
}