{
    "permutation_seed": 45,
    "test_size": 0.2,
    "partition_seed": 42,
    "n_class": 10,
    "all_tr_loss": [
        2.2948326177462306,
        2.267033481897327,
        2.250478492239768,
        2.2391900424867446,
        2.2316225417180564,
        2.22670932429926,
        2.2218070325896355,
        2.218314757339621,
        2.2152216849933426,
        2.213097868759179,
        2.210552064739928,
        2.2080485835741603,
        2.207132305417742,
        2.205989374657815,
        2.2038010880935883
    ],
    "all_test_loss": [
        2.278777599334717,
        2.2564918994903564,
        2.2439944744110107,
        2.235746383666992,
        2.23042631149292,
        2.2276620864868164,
        2.2220542430877686,
        2.2179226875305176,
        2.2159030437469482,
        2.214686632156372,
        2.212430238723755,
        2.2101354598999023,
        2.209268093109131,
        2.210341215133667,
        2.207385540008545
    ],
    "all_tr_acc": [
        0.1978021978021978,
        0.41836734693877553,
        0.4576138147566719,
        0.5204081632653061,
        0.5439560439560439,
        0.5675039246467818,
        0.5832025117739403,
        0.598116169544741,
        0.6004709576138147,
        0.597331240188383,
        0.6098901098901099,
        0.6051805337519623,
        0.609105180533752,
        0.6185243328100472,
        0.6036106750392465
    ],
    "all_test_acc": [
        0.329153605015674,
        0.41379310344827586,
        0.4890282131661442,
        0.4952978056426332,
        0.5768025078369906,
        0.5517241379310345,
        0.5736677115987461,
        0.5862068965517241,
        0.5924764890282131,
        0.5924764890282131,
        0.5924764890282131,
        0.5987460815047022,
        0.5799373040752351,
        0.5799373040752351,
        0.5924764890282131
    ],
    "models_tensors": "../exps/Setting_4/models_tensors_1.pth"
}