{
    "permutation_seed": 45,
    "test_size": 0.2,
    "partition_seed": 42,
    "n_class": 10,
    "all_tr_loss": [
        2.269795476173868,
        2.217962232826269,
        2.192928334794576,
        2.1765824419737236,
        2.1653344986764376,
        2.1555626688048455,
        2.1492025144807587,
        2.143107896697016,
        2.1395514602750962,
        2.135192420456436,
        2.133037788714494,
        2.129230078198659,
        2.1244100584901484,
        2.1218659758006386,
        2.1227219052367157,
        2.1170423521164636,
        2.116800534294763,
        2.1145709485423807,
        2.113687662352198,
        2.111864315658761,
        2.1104314989721757,
        2.1088003457247555,
        2.1073015817854803,
        2.1075011141820457,
        2.1067798732775533,
        2.1054680298785775,
        2.103367720144323,
        2.101812053512741,
        2.1037358350619044,
        2.101966931269719
    ],
    "all_test_loss": [
        2.2365550994873047,
        2.2088820934295654,
        2.1910018920898438,
        2.181046962738037,
        2.1708011627197266,
        2.1690852642059326,
        2.1651158332824707,
        2.1603424549102783,
        2.160947322845459,
        2.156899929046631,
        2.1562983989715576,
        2.1528637409210205,
        2.1497511863708496,
        2.1538374423980713,
        2.1480956077575684,
        2.1479759216308594,
        2.14867901802063,
        2.1452457904815674,
        2.145939588546753,
        2.145773410797119,
        2.147036075592041,
        2.1446402072906494,
        2.148359537124634,
        2.146261215209961,
        2.1454250812530518,
        2.145052433013916,
        2.140768051147461,
        2.1443097591400146,
        2.142261505126953,
        2.142608880996704
    ],
    "all_tr_acc": [
        0.41130298273155413,
        0.7401883830455259,
        0.8500784929356358,
        0.8916797488226059,
        0.9065934065934066,
        0.9175824175824175,
        0.9324960753532182,
        0.9372056514913658,
        0.9434850863422292,
        0.9419152276295133,
        0.9466248037676609,
        0.9474097331240189,
        0.9521193092621664,
        0.9521193092621664,
        0.9591836734693877,
        0.9654631083202512,
        0.9623233908948194,
        0.967032967032967,
        0.966248037676609,
        0.967032967032967,
        0.9709576138147566,
        0.9717425431711146,
        0.9740973312401884,
        0.9701726844583988,
        0.9740973312401884,
        0.9772370486656201,
        0.978806907378336,
        0.9764521193092621,
        0.9795918367346939,
        0.978021978021978
    ],
    "all_test_acc": [
        0.5517241379310345,
        0.768025078369906,
        0.8307210031347962,
        0.8746081504702194,
        0.8652037617554859,
        0.8652037617554859,
        0.8526645768025078,
        0.8840125391849529,
        0.8871473354231975,
        0.8808777429467085,
        0.9028213166144201,
        0.8996865203761756,
        0.8871473354231975,
        0.896551724137931,
        0.8871473354231975,
        0.8840125391849529,
        0.9059561128526645,
        0.8934169278996865,
        0.8840125391849529,
        0.8934169278996865,
        0.9184952978056427,
        0.9059561128526645,
        0.890282131661442,
        0.9090909090909091,
        0.9216300940438872,
        0.8934169278996865,
        0.8840125391849529,
        0.8934169278996865,
        0.8871473354231975,
        0.8840125391849529
    ],
    "models_tensors": "../exps/Setting_4/models_tensors_2x4.pth"
}