{
    "permutation_seed": 45,
    "test_size": 0.2,
    "partition_seed": 42,
    "n_class": 10,
    "all_tr_loss": [
        2.269533155851499,
        2.216243414901302,
        2.1882105143141333,
        2.1722262833893207,
        2.1596664693703644,
        2.151439462389265,
        2.143995756631369,
        2.1386164975128894,
        2.1348838712581473,
        2.1306974079395578,
        2.1267065766093496,
        2.1267251639014324,
        2.1235808611290423,
        2.121148483719519,
        2.118731921284315
    ],
    "all_test_loss": [
        2.2344651222229004,
        2.2017781734466553,
        2.189291477203369,
        2.176535129547119,
        2.1709418296813965,
        2.1668591499328613,
        2.160526752471924,
        2.1598033905029297,
        2.154601573944092,
        2.1512980461120605,
        2.161716938018799,
        2.1532859802246094,
        2.1514368057250977,
        2.148273229598999,
        2.14662766456604
    ],
    "all_tr_acc": [
        0.4301412872841444,
        0.7676609105180534,
        0.8508634222919937,
        0.8830455259026687,
        0.8932496075353218,
        0.9120879120879121,
        0.9254317111459969,
        0.9301412872841445,
        0.9411302982731554,
        0.9364207221350078,
        0.945839874411303,
        0.9513343799058085,
        0.9536891679748822,
        0.9521193092621664,
        0.9536891679748822
    ],
    "all_test_acc": [
        0.6927899686520376,
        0.7962382445141066,
        0.8213166144200627,
        0.8275862068965517,
        0.8589341692789969,
        0.8589341692789969,
        0.8808777429467085,
        0.877742946708464,
        0.8840125391849529,
        0.877742946708464,
        0.8683385579937304,
        0.890282131661442,
        0.8683385579937304,
        0.896551724137931,
        0.890282131661442
    ],
    "models_tensors": "../exps/Setting_4/models_tensors_2x4.pth"
}