{
    "permutation_seed": 45,
    "test_size": 0.2,
    "partition_seed": 42,
    "n_class": 10,
    "all_tr_loss": [
        2.2715368589014986,
        2.2233262997781464,
        2.2003918210603004,
        2.1866583996328117,
        2.1779601237088957,
        2.1684937877595143,
        2.162753634026137,
        2.157840827570605,
        2.154009304765255,
        2.1490181005169497,
        2.1460142992729296,
        2.143608820120244,
        2.1432225711678785,
        2.14167337702058,
        2.1410559267975287,
        2.136928533272616,
        2.1337371636035867,
        2.1323226344080135,
        2.132193375606926,
        2.131385867973699,
        2.12841583608271,
        2.126624029509875,
        2.1246806564660425,
        2.126668992933336,
        2.125345839810334,
        2.1224877519921943,
        2.1218828556114686,
        2.121050693925172,
        2.121538532023527,
        2.1200467731739328
    ],
    "all_test_loss": [
        2.2371013164520264,
        2.2129061222076416,
        2.200695514678955,
        2.1935389041900635,
        2.186793088912964,
        2.1840202808380127,
        2.1789326667785645,
        2.180006980895996,
        2.1741933822631836,
        2.171969413757324,
        2.169219732284546,
        2.1685922145843506,
        2.167771816253662,
        2.1688122749328613,
        2.1666548252105713,
        2.165987730026245,
        2.1655378341674805,
        2.167198657989502,
        2.164055109024048,
        2.1629021167755127,
        2.162600040435791,
        2.164315700531006,
        2.163611888885498,
        2.1613552570343018,
        2.1608259677886963,
        2.1595375537872314,
        2.1609950065612793,
        2.160832405090332,
        2.164599657058716,
        2.1582956314086914
    ],
    "all_tr_acc": [
        0.3893249607535322,
        0.6703296703296703,
        0.7613814756671899,
        0.7967032967032966,
        0.8178963893249608,
        0.8414442700156985,
        0.8508634222919937,
        0.8540031397174255,
        0.859497645211931,
        0.8720565149136578,
        0.8736263736263736,
        0.8814756671899528,
        0.8783359497645212,
        0.8861852433281004,
        0.8893249607535322,
        0.8948194662480377,
        0.8963893249607535,
        0.9073783359497645,
        0.8971742543171115,
        0.9034536891679749,
        0.9065934065934066,
        0.9081632653061225,
        0.9183673469387755,
        0.9120879120879121,
        0.9160125588697017,
        0.9120879120879121,
        0.9160125588697017,
        0.9160125588697017,
        0.9191522762951334,
        0.9175824175824175
    ],
    "all_test_acc": [
        0.6144200626959248,
        0.7272727272727273,
        0.7523510971786834,
        0.7335423197492164,
        0.7429467084639498,
        0.7021943573667712,
        0.768025078369906,
        0.7366771159874608,
        0.8025078369905956,
        0.780564263322884,
        0.7899686520376176,
        0.768025078369906,
        0.7554858934169278,
        0.768025078369906,
        0.7711598746081505,
        0.774294670846395,
        0.7774294670846394,
        0.7366771159874608,
        0.7774294670846394,
        0.780564263322884,
        0.8087774294670846,
        0.7931034482758621,
        0.7774294670846394,
        0.7774294670846394,
        0.7711598746081505,
        0.780564263322884,
        0.768025078369906,
        0.780564263322884,
        0.780564263322884,
        0.7899686520376176
    ],
    "models_tensors": "../exps/Setting_4/models_tensors_8x1.pth"
}