{
    "permutation_seed": 42,
    "test_size": 0.2,
    "partition_seed": 42,
    "n_class": 10,
    "all_tr_loss": [
        2.268302548436954,
        2.214527730851944,
        2.1877502354572482,
        2.1730607641360824,
        2.1598809551406695,
        2.149385997975827,
        2.1427764211382185,
        2.1370725336029914,
        2.131189159920302,
        2.12790109149328,
        2.1240013285746193,
        2.1219082237974254,
        2.12005203634828,
        2.1195289231544385,
        2.1144142102222054,
        2.111440441859199,
        2.1088335742381528,
        2.1086375616034685,
        2.1063645555984283,
        2.105118822639741,
        2.1043534881466037,
        2.104563393061352,
        2.1029327626879586,
        2.100580971881022,
        2.0992017705549064,
        2.0979290390314076,
        2.0968463293611537,
        2.09733747238267,
        2.097254111590902,
        2.094632796627386
    ],
    "all_test_loss": [
        2.23270320892334,
        2.20363712310791,
        2.1892189979553223,
        2.1754629611968994,
        2.1686301231384277,
        2.1627910137176514,
        2.1617414951324463,
        2.1566874980926514,
        2.154963254928589,
        2.1512460708618164,
        2.149956703186035,
        2.1485822200775146,
        2.150676965713501,
        2.1441123485565186,
        2.145453929901123,
        2.144777297973633,
        2.1444852352142334,
        2.1417062282562256,
        2.1432509422302246,
        2.1408252716064453,
        2.144932270050049,
        2.141188383102417,
        2.140519142150879,
        2.139800786972046,
        2.138611316680908,
        2.139370918273926,
        2.1369211673736572,
        2.1392884254455566,
        2.139564037322998,
        2.135319948196411
    ],
    "all_tr_acc": [
        0.44191522762951335,
        0.8210361067503925,
        0.9050235478806907,
        0.9254317111459969,
        0.9419152276295133,
        0.9505494505494505,
        0.9560439560439561,
        0.9599686028257457,
        0.9646781789638933,
        0.9686028257456829,
        0.9678178963893249,
        0.9709576138147566,
        0.9740973312401884,
        0.9764521193092621,
        0.9717425431711146,
        0.9811616954474097,
        0.9843014128728415,
        0.9811616954474097,
        0.9811616954474097,
        0.9819466248037677,
        0.9882260596546311,
        0.9843014128728415,
        0.9882260596546311,
        0.9882260596546311,
        0.9882260596546311,
        0.989010989010989,
        0.9913657770800628,
        0.9905808477237049,
        0.9905808477237049,
        0.9897959183673469
    ],
    "all_test_acc": [
        0.7648902821316614,
        0.8463949843260188,
        0.8620689655172413,
        0.9028213166144201,
        0.9216300940438872,
        0.9122257053291536,
        0.9153605015673981,
        0.8996865203761756,
        0.9341692789968652,
        0.9310344827586207,
        0.9153605015673981,
        0.9435736677115988,
        0.9090909090909091,
        0.9310344827586207,
        0.9435736677115988,
        0.9404388714733543,
        0.9373040752351097,
        0.9341692789968652,
        0.9310344827586207,
        0.9373040752351097,
        0.9247648902821317,
        0.9278996865203761,
        0.9310344827586207,
        0.9341692789968652,
        0.9341692789968652,
        0.9310344827586207,
        0.9435736677115988,
        0.9435736677115988,
        0.9373040752351097,
        0.9373040752351097
    ],
    "models_tensors": "../exps/Setting_1/models_tensors.pth"
}