{
    "permutation_seed": 42,
    "test_size": 0.2,
    "partition_seed": 42,
    "n_class": 10,
    "all_tr_loss": [
        2.2621843036340206,
        2.212266809712025,
        2.1867029835328204,
        2.170821845250751,
        2.159268915559658,
        2.1508572895074005,
        2.142559756289472,
        2.136689615025064,
        2.131417994222237,
        2.130180745895841,
        2.1256362628337913,
        2.120641113637568,
        2.1186580216304476,
        2.115138099556628,
        2.1132804535247467
    ],
    "all_test_loss": [
        2.230504035949707,
        2.2020480632781982,
        2.18860125541687,
        2.178455114364624,
        2.173279047012329,
        2.1637229919433594,
        2.1606056690216064,
        2.1575989723205566,
        2.15234112739563,
        2.1546807289123535,
        2.147407054901123,
        2.148927927017212,
        2.144561767578125,
        2.1437556743621826,
        2.1435587406158447
    ],
    "all_tr_acc": [
        0.4764521193092622,
        0.8304552590266876,
        0.9160125588697017,
        0.945054945054945,
        0.9427001569858713,
        0.9474097331240189,
        0.9631083202511774,
        0.9638932496075353,
        0.9717425431711146,
        0.9686028257456829,
        0.9693877551020408,
        0.9795918367346939,
        0.9772370486656201,
        0.978806907378336,
        0.9819466248037677
    ],
    "all_test_acc": [
        0.7178683385579937,
        0.8369905956112853,
        0.8808777429467085,
        0.8840125391849529,
        0.877742946708464,
        0.9090909090909091,
        0.8934169278996865,
        0.9090909090909091,
        0.9247648902821317,
        0.9153605015673981,
        0.9216300940438872,
        0.9153605015673981,
        0.9373040752351097,
        0.9310344827586207,
        0.9341692789968652
    ],
    "models_tensors": "../exps/Setting_1/models_tensors.pth"
}