{
    "permutation_seed": 42,
    "test_size": 0.2,
    "partition_seed": 42,
    "n_class": 10,
    "all_tr_loss": [
        2.2939740769342873,
        2.266620142306413,
        2.25170460301254,
        2.2425279093312693,
        2.2364393223772994,
        2.2308800935370954,
        2.226842774701081,
        2.223195402738251,
        2.220754217315506,
        2.217846020424572,
        2.2148341013460744,
        2.2124158703551,
        2.209919997998272,
        2.2079248604257966,
        2.2066330146190696
    ],
    "all_test_loss": [
        2.27807879447937,
        2.2596046924591064,
        2.2499513626098633,
        2.244476556777954,
        2.2393338680267334,
        2.2369227409362793,
        2.2310574054718018,
        2.228950023651123,
        2.2261886596679688,
        2.225001096725464,
        2.2213361263275146,
        2.219597816467285,
        2.2186191082000732,
        2.2164950370788574,
        2.214850902557373
    ],
    "all_tr_acc": [
        0.20251177394034536,
        0.3069073783359498,
        0.37676609105180536,
        0.38618524332810045,
        0.42543171114599687,
        0.4324960753532182,
        0.4599686028257457,
        0.4803767660910518,
        0.5125588697017268,
        0.5313971742543171,
        0.543171114599686,
        0.5659340659340659,
        0.5714285714285714,
        0.5863422291993721,
        0.5918367346938775
    ],
    "all_test_acc": [
        0.3385579937304075,
        0.3761755485893417,
        0.3385579937304075,
        0.39184952978056425,
        0.3730407523510972,
        0.4106583072100313,
        0.44200626959247646,
        0.45768025078369906,
        0.4670846394984326,
        0.46394984326018807,
        0.5235109717868338,
        0.5078369905956113,
        0.5141065830721003,
        0.5329153605015674,
        0.5391849529780565
    ],
    "models_tensors": "../exps/Setting_1/models_tensors_1.pth"
}