{
    "permutation_seed": 42,
    "test_size": 0.2,
    "partition_seed": 42,
    "n_class": 10,
    "all_tr_loss": [
        2.284723538618821,
        2.2428774025226876,
        2.2227918835973814,
        2.2092641451669452,
        2.1985227245738033,
        2.1913608621390686,
        2.186430810572027,
        2.1819028472600963,
        2.1788906811544995,
        2.175120296807641,
        2.169465798972353,
        2.165605345176565,
        2.1635099864642324,
        2.1611303074206436,
        2.1598883827964026,
        2.1566474355371255,
        2.1557266289248385,
        2.151205602957278,
        2.1566977916370194,
        2.1513660695152343,
        2.149877345730409,
        2.1470168325552947,
        2.147198046021035,
        2.1486693686181373,
        2.145950732463196,
        2.1438967361929278,
        2.1429387471365215,
        2.1421774433022205,
        2.1397634652944713,
        2.1388296440968895
    ],
    "all_test_loss": [
        2.260277032852173,
        2.2346017360687256,
        2.219802141189575,
        2.21325945854187,
        2.2058398723602295,
        2.2025535106658936,
        2.1958882808685303,
        2.195124387741089,
        2.1951513290405273,
        2.189765691757202,
        2.1864914894104004,
        2.1855344772338867,
        2.1822404861450195,
        2.183863878250122,
        2.1786725521087646,
        2.177269220352173,
        2.1759231090545654,
        2.178149938583374,
        2.1762473583221436,
        2.1782357692718506,
        2.1724865436553955,
        2.174690008163452,
        2.171344518661499,
        2.173262357711792,
        2.1706647872924805,
        2.17187762260437,
        2.1704909801483154,
        2.170752763748169,
        2.173159122467041,
        2.1719918251037598
    ],
    "all_tr_acc": [
        0.22684458398744112,
        0.43563579277864994,
        0.5047095761381476,
        0.5879120879120879,
        0.6507064364207221,
        0.6726844583987441,
        0.716640502354788,
        0.7189952904238619,
        0.7433281004709577,
        0.7464678178963893,
        0.7700156985871272,
        0.782574568288854,
        0.793563579277865,
        0.7990580847723705,
        0.8194662480376766,
        0.8155416012558869,
        0.8155416012558869,
        0.8281004709576139,
        0.8171114599686028,
        0.8249607535321821,
        0.8202511773940345,
        0.8375196232339089,
        0.8304552590266876,
        0.8296703296703297,
        0.8367346938775511,
        0.8351648351648352,
        0.8430141287284144,
        0.847723704866562,
        0.8430141287284144,
        0.8516483516483516
    ],
    "all_test_acc": [
        0.3824451410658307,
        0.4106583072100313,
        0.49216300940438873,
        0.5203761755485894,
        0.5830721003134797,
        0.6144200626959248,
        0.6332288401253918,
        0.6332288401253918,
        0.6394984326018809,
        0.6614420062695925,
        0.6802507836990596,
        0.664576802507837,
        0.677115987460815,
        0.6865203761755486,
        0.7084639498432602,
        0.7053291536050157,
        0.6865203761755486,
        0.677115987460815,
        0.6927899686520376,
        0.6739811912225705,
        0.6990595611285266,
        0.7147335423197492,
        0.7084639498432602,
        0.6990595611285266,
        0.6990595611285266,
        0.7210031347962382,
        0.7272727272727273,
        0.6990595611285266,
        0.6896551724137931,
        0.6959247648902821
    ],
    "models_tensors": "../exps/Setting_1/models_tensors_1.pth"
}