{
    "permutation_seed": 42,
    "test_size": 0.2,
    "partition_seed": 42,
    "n_class": 10,
    "all_tr_loss": [
        2.2700967070072,
        2.2190984219920877,
        2.19106749837028,
        2.1777634781608404,
        2.1662514827315063,
        2.1568878359472734,
        2.1477418417459004,
        2.142843249828512,
        2.137803331461956,
        2.134366343496733,
        2.1297935451405765,
        2.1260554779268324,
        2.1236647365606,
        2.121230340640249,
        2.118251401550916,
        2.1177070376637217,
        2.115090100319831,
        2.1140137953885496,
        2.1122899751648236,
        2.1105195439217415,
        2.1114369359458074,
        2.1077450893737457,
        2.10726945740836,
        2.106015470001724,
        2.104637794629371,
        2.1044444817014543,
        2.1018474113248766,
        2.102656928486128,
        2.10403486810262,
        2.1005079735017835
    ],
    "all_test_loss": [
        2.2370657920837402,
        2.2088613510131836,
        2.1920456886291504,
        2.1853690147399902,
        2.18057918548584,
        2.1693549156188965,
        2.169863224029541,
        2.1633992195129395,
        2.1626853942871094,
        2.161675214767456,
        2.15596866607666,
        2.1549386978149414,
        2.155651330947876,
        2.149646282196045,
        2.150834560394287,
        2.150810956954956,
        2.1482300758361816,
        2.148533344268799,
        2.152158260345459,
        2.1518571376800537,
        2.1476967334747314,
        2.147298574447632,
        2.145519256591797,
        2.146620512008667,
        2.1456997394561768,
        2.1440720558166504,
        2.1438329219818115,
        2.1492934226989746,
        2.14455509185791,
        2.142197608947754
    ],
    "all_tr_acc": [
        0.4301412872841444,
        0.7668759811616954,
        0.8791208791208791,
        0.8924646781789639,
        0.9144427001569859,
        0.923861852433281,
        0.9222919937205651,
        0.9324960753532182,
        0.9356357927786499,
        0.9419152276295133,
        0.9411302982731554,
        0.9474097331240189,
        0.9481946624803768,
        0.9599686028257457,
        0.9560439560439561,
        0.9552590266875981,
        0.9591836734693877,
        0.9607535321821036,
        0.9615384615384616,
        0.9686028257456829,
        0.9631083202511774,
        0.966248037676609,
        0.9686028257456829,
        0.967032967032967,
        0.9733124018838305,
        0.9717425431711146,
        0.9740973312401884,
        0.9740973312401884,
        0.9772370486656201,
        0.9772370486656201
    ],
    "all_test_acc": [
        0.670846394984326,
        0.7648902821316614,
        0.8025078369905956,
        0.8338557993730408,
        0.8056426332288401,
        0.8714733542319749,
        0.8275862068965517,
        0.8495297805642633,
        0.8746081504702194,
        0.8746081504702194,
        0.8871473354231975,
        0.8714733542319749,
        0.890282131661442,
        0.8808777429467085,
        0.896551724137931,
        0.8840125391849529,
        0.896551724137931,
        0.8871473354231975,
        0.8714733542319749,
        0.8683385579937304,
        0.8871473354231975,
        0.8840125391849529,
        0.8934169278996865,
        0.8996865203761756,
        0.8840125391849529,
        0.9028213166144201,
        0.8871473354231975,
        0.8808777429467085,
        0.8840125391849529,
        0.8934169278996865
    ],
    "models_tensors": "../exps/Setting_1/models_tensors_2x4.pth"
}