{
    "permutation_seed": 42,
    "test_size": 0.2,
    "partition_seed": 42,
    "n_class": 10,
    "all_tr_loss": [
        2.2674132243056127,
        2.217999727422813,
        2.1926582716697802,
        2.17712691140886,
        2.1656593108663755,
        2.156121335186801,
        2.1480290485513827,
        2.142308859473308,
        2.138520896528355,
        2.135630036822668,
        2.1307274404462877,
        2.126446866165712,
        2.1248104411354243,
        2.1221337700189564,
        2.1189652518537394
    ],
    "all_test_loss": [
        2.236217975616455,
        2.208811044692993,
        2.194437265396118,
        2.182945966720581,
        2.1752068996429443,
        2.169895887374878,
        2.164144515991211,
        2.162721633911133,
        2.162405252456665,
        2.162006139755249,
        2.159186601638794,
        2.15360951423645,
        2.1573169231414795,
        2.1535305976867676,
        2.150744676589966
    ],
    "all_tr_acc": [
        0.41365777080062793,
        0.7598116169544741,
        0.8712715855572999,
        0.8948194662480377,
        0.9034536891679749,
        0.9215070643642073,
        0.9285714285714286,
        0.934850863422292,
        0.9379905808477237,
        0.9419152276295133,
        0.9481946624803768,
        0.9529042386185244,
        0.9591836734693877,
        0.9591836734693877,
        0.9583987441130298
    ],
    "all_test_acc": [
        0.6833855799373041,
        0.7711598746081505,
        0.8463949843260188,
        0.8338557993730408,
        0.8495297805642633,
        0.8557993730407524,
        0.8746081504702194,
        0.8871473354231975,
        0.877742946708464,
        0.8620689655172413,
        0.8746081504702194,
        0.9028213166144201,
        0.8871473354231975,
        0.8840125391849529,
        0.890282131661442
    ],
    "models_tensors": "../exps/Setting_1/models_tensors_2x4.pth"
}