{
    "permutation_seed": 42,
    "test_size": 0.2,
    "partition_seed": 42,
    "n_class": 10,
    "all_tr_loss": [
        2.271418655311668,
        2.224191125184064,
        2.2019488407266756,
        2.1892624743505027,
        2.1787476786638917,
        2.1728638932693696,
        2.165305188162548,
        2.160034505314131,
        2.1540869749509373,
        2.1527686549505596,
        2.149449423306404,
        2.146346765560108,
        2.1421751276103067,
        2.1415385073357887,
        2.1401357587128644,
        2.136651574348917,
        2.134011364806578,
        2.133864160609582,
        2.1332803206690816,
        2.130972757444277,
        2.128343472862543,
        2.1261245103982778,
        2.1268934600955838,
        2.1261389049667767,
        2.1254879148264694,
        2.1257568236610016,
        2.1245201244084764,
        2.121253783886249,
        2.12351015299044,
        2.120431372284702
    ],
    "all_test_loss": [
        2.242098808288574,
        2.2182581424713135,
        2.204406976699829,
        2.198367118835449,
        2.191370964050293,
        2.185636520385742,
        2.1826083660125732,
        2.178919792175293,
        2.174450635910034,
        2.1740407943725586,
        2.1774978637695312,
        2.171536684036255,
        2.169957160949707,
        2.1695706844329834,
        2.1669869422912598,
        2.166203022003174,
        2.1668221950531006,
        2.1696338653564453,
        2.1666622161865234,
        2.161625862121582,
        2.16208553314209,
        2.1633965969085693,
        2.1622822284698486,
        2.1609609127044678,
        2.1621382236480713,
        2.162391424179077,
        2.160999059677124,
        2.1639797687530518,
        2.1638379096984863,
        2.159125804901123
    ],
    "all_tr_acc": [
        0.34222919937205654,
        0.6499215070643642,
        0.749607535321821,
        0.7904238618524333,
        0.8194662480376766,
        0.8406593406593407,
        0.8430141287284144,
        0.8540031397174255,
        0.868916797488226,
        0.8681318681318682,
        0.8712715855572999,
        0.8830455259026687,
        0.8901098901098901,
        0.8846153846153846,
        0.8838304552590267,
        0.8932496075353218,
        0.8940345368916798,
        0.8995290423861853,
        0.9097331240188383,
        0.9010989010989011,
        0.8948194662480377,
        0.9081632653061225,
        0.9113029827315542,
        0.9089481946624803,
        0.9089481946624803,
        0.9113029827315542,
        0.9136577708006279,
        0.9160125588697017,
        0.9144427001569859,
        0.9246467817896389
    ],
    "all_test_acc": [
        0.542319749216301,
        0.6551724137931034,
        0.7084639498432602,
        0.7021943573667712,
        0.7523510971786834,
        0.7272727272727273,
        0.7304075235109718,
        0.7335423197492164,
        0.7366771159874608,
        0.7554858934169278,
        0.7492163009404389,
        0.7711598746081505,
        0.7711598746081505,
        0.7586206896551724,
        0.780564263322884,
        0.780564263322884,
        0.7554858934169278,
        0.7648902821316614,
        0.780564263322884,
        0.7931034482758621,
        0.780564263322884,
        0.786833855799373,
        0.7648902821316614,
        0.799373040752351,
        0.780564263322884,
        0.7899686520376176,
        0.799373040752351,
        0.7711598746081505,
        0.7617554858934169,
        0.780564263322884
    ],
    "models_tensors": "../exps/Setting_1/models_tensors_8x1.pth"
}