{
    "permutation_seed": 46,
    "test_size": 0.2,
    "partition_seed": 42,
    "n_class": 10,
    "all_tr_loss": [
        2.264798586185162,
        2.21038256559866,
        2.185156138762949,
        2.1704385857005697,
        2.1586015284342146,
        2.1493956410155004,
        2.1447824222888077,
        2.1389020761852175,
        2.132062215071458,
        2.128560014572024,
        2.12554139170205,
        2.1218920150768814,
        2.121075486088847,
        2.1164803886713,
        2.1166366827169805,
        2.1131006660790796,
        2.109471951773627,
        2.1076845568802143,
        2.110766590483709,
        2.108348020766182,
        2.1059866917189476,
        2.1032823640473035,
        2.104385973707286,
        2.101714086308023,
        2.100401509687702,
        2.099971689646435,
        2.0987253922682543,
        2.0968323884242372,
        2.097349063942159,
        2.0975282824769312
    ],
    "all_test_loss": [
        2.228519916534424,
        2.1987907886505127,
        2.184502363204956,
        2.178034543991089,
        2.1696274280548096,
        2.1650352478027344,
        2.1639292240142822,
        2.155832052230835,
        2.15517258644104,
        2.1545286178588867,
        2.151627540588379,
        2.148003101348877,
        2.1480295658111572,
        2.149205207824707,
        2.1464104652404785,
        2.1426315307617188,
        2.141479730606079,
        2.146401882171631,
        2.1469619274139404,
        2.145785331726074,
        2.140306234359741,
        2.141188621520996,
        2.1413886547088623,
        2.1376755237579346,
        2.1400272846221924,
        2.139827251434326,
        2.139249563217163,
        2.136453866958618,
        2.137387990951538,
        2.13661789894104
    ],
    "all_tr_acc": [
        0.4497645211930926,
        0.793563579277865,
        0.8924646781789639,
        0.9113029827315542,
        0.9254317111459969,
        0.9372056514913658,
        0.9379905808477237,
        0.9513343799058085,
        0.9607535321821036,
        0.9631083202511774,
        0.9646781789638933,
        0.9654631083202512,
        0.967032967032967,
        0.967032967032967,
        0.9740973312401884,
        0.9764521193092621,
        0.9733124018838305,
        0.9772370486656201,
        0.9733124018838305,
        0.9748822605965463,
        0.9811616954474097,
        0.9803767660910518,
        0.9827315541601256,
        0.9827315541601256,
        0.9858712715855573,
        0.9835164835164835,
        0.9843014128728415,
        0.9866562009419152,
        0.989010989010989,
        0.9874411302982732
    ],
    "all_test_acc": [
        0.658307210031348,
        0.8087774294670846,
        0.8840125391849529,
        0.8589341692789969,
        0.8683385579937304,
        0.9059561128526645,
        0.9122257053291536,
        0.9122257053291536,
        0.8934169278996865,
        0.9090909090909091,
        0.896551724137931,
        0.9216300940438872,
        0.8934169278996865,
        0.9090909090909091,
        0.9247648902821317,
        0.9122257053291536,
        0.9247648902821317,
        0.9247648902821317,
        0.9184952978056427,
        0.9122257053291536,
        0.9184952978056427,
        0.9122257053291536,
        0.9184952978056427,
        0.9278996865203761,
        0.9278996865203761,
        0.9341692789968652,
        0.9373040752351097,
        0.9373040752351097,
        0.9341692789968652,
        0.9278996865203761
    ],
    "models_tensors": "../exps/Setting_5/models_tensors.pth"
}