{
    "permutation_seed": 46,
    "test_size": 0.2,
    "partition_seed": 42,
    "n_class": 10,
    "all_tr_loss": [
        2.266761978529686,
        2.2131737023358067,
        2.187467570956124,
        2.16913283264244,
        2.1566780373290344,
        2.148301964464891,
        2.143263183920125,
        2.135639459035086,
        2.130538302276348,
        2.125692123146596,
        2.1221678964384307,
        2.118793093802603,
        2.1168384020519406,
        2.1149370045265186,
        2.1128541296655006
    ],
    "all_test_loss": [
        2.2333321571350098,
        2.201413154602051,
        2.1856231689453125,
        2.173443555831909,
        2.167257308959961,
        2.1616415977478027,
        2.1588873863220215,
        2.1570792198181152,
        2.1519699096679688,
        2.154388427734375,
        2.1482439041137695,
        2.144366502761841,
        2.1466922760009766,
        2.1462998390197754,
        2.14421010017395
    ],
    "all_tr_acc": [
        0.47566718995290425,
        0.804552590266876,
        0.8854003139717426,
        0.9128728414442701,
        0.9340659340659341,
        0.945054945054945,
        0.9497645211930926,
        0.9505494505494505,
        0.9646781789638933,
        0.967032967032967,
        0.9638932496075353,
        0.9733124018838305,
        0.9717425431711146,
        0.9748822605965463,
        0.9772370486656201
    ],
    "all_test_acc": [
        0.7335423197492164,
        0.8244514106583072,
        0.8401253918495298,
        0.8840125391849529,
        0.896551724137931,
        0.8996865203761756,
        0.8934169278996865,
        0.8934169278996865,
        0.890282131661442,
        0.8683385579937304,
        0.896551724137931,
        0.9216300940438872,
        0.9216300940438872,
        0.9153605015673981,
        0.9090909090909091
    ],
    "models_tensors": "../exps/Setting_5/models_tensors.pth"
}