{
    "permutation_seed": 46,
    "test_size": 0.2,
    "partition_seed": 42,
    "n_class": 10,
    "all_tr_loss": [
        2.278264949609945,
        2.2370608560331573,
        2.218221539043744,
        2.209020200292207,
        2.2008310685539545,
        2.1959670143935894,
        2.1888785556871064,
        2.186413055312128,
        2.1811848933131577,
        2.1767011946374244,
        2.1734851694181914,
        2.1720272749896328,
        2.1704575562589397,
        2.1661118405580146,
        2.163518226689409,
        2.1619292428392445,
        2.163488218136822,
        2.159917178296219,
        2.1585557707812013,
        2.1574270160082185,
        2.1557548087283243,
        2.153609212938246,
        2.151924969824367,
        2.15245329828427,
        2.151221527596658,
        2.152604965437525,
        2.153448144906731,
        2.147835284611868,
        2.1470655852247447,
        2.145627973966733
    ],
    "all_test_loss": [
        2.2529916763305664,
        2.2274117469787598,
        2.218214750289917,
        2.2153360843658447,
        2.2039906978607178,
        2.207117795944214,
        2.2003464698791504,
        2.1953415870666504,
        2.193352222442627,
        2.1912081241607666,
        2.188286304473877,
        2.1876132488250732,
        2.1858108043670654,
        2.1799681186676025,
        2.1810977458953857,
        2.178264856338501,
        2.180250406265259,
        2.1786866188049316,
        2.17730712890625,
        2.18057918548584,
        2.174146890640259,
        2.173879623413086,
        2.174896001815796,
        2.179985523223877,
        2.174109697341919,
        2.177546501159668,
        2.1752681732177734,
        2.1697537899017334,
        2.172685384750366,
        2.170346975326538
    ],
    "all_tr_acc": [
        0.2370486656200942,
        0.4466248037676609,
        0.5180533751962323,
        0.565149136577708,
        0.6012558869701727,
        0.6240188383045526,
        0.6467817896389325,
        0.6718995290423861,
        0.6875981161695447,
        0.7119309262166404,
        0.728414442700157,
        0.7386185243328101,
        0.7331240188383046,
        0.7637362637362637,
        0.7551020408163265,
        0.7676609105180534,
        0.7755102040816326,
        0.7660910518053375,
        0.7841444270015698,
        0.7708006279434851,
        0.7770800627943485,
        0.7857142857142857,
        0.792778649921507,
        0.7982731554160125,
        0.8037676609105181,
        0.7864992150706437,
        0.8053375196232339,
        0.8037676609105181,
        0.8029827315541601,
        0.8171114599686028
    ],
    "all_test_acc": [
        0.4169278996865204,
        0.44200626959247646,
        0.49216300940438873,
        0.5391849529780565,
        0.6050156739811913,
        0.5893416927899686,
        0.6144200626959248,
        0.6332288401253918,
        0.6614420062695925,
        0.6551724137931034,
        0.6802507836990596,
        0.670846394984326,
        0.6551724137931034,
        0.677115987460815,
        0.6739811912225705,
        0.677115987460815,
        0.6990595611285266,
        0.6833855799373041,
        0.6551724137931034,
        0.6520376175548589,
        0.6833855799373041,
        0.6896551724137931,
        0.6739811912225705,
        0.6959247648902821,
        0.7021943573667712,
        0.6677115987460815,
        0.677115987460815,
        0.6990595611285266,
        0.7021943573667712,
        0.6896551724137931
    ],
    "models_tensors": "../exps/Setting_5/models_tensors_1.pth"
}