{
    "permutation_seed": 46,
    "test_size": 0.2,
    "partition_seed": 42,
    "n_class": 10,
    "all_tr_loss": [
        2.2915461516268025,
        2.262778048986917,
        2.2480788369380886,
        2.237799117853353,
        2.2311876733411613,
        2.225504965385425,
        2.221186231780838,
        2.2180294590056224,
        2.21507935134732,
        2.213005028863904,
        2.210327395464599,
        2.20769186484009,
        2.2058299609592984,
        2.204711613512863,
        2.203841840079291
    ],
    "all_test_loss": [
        2.273660898208618,
        2.254408836364746,
        2.244260787963867,
        2.235013484954834,
        2.2316782474517822,
        2.2264351844787598,
        2.2229831218719482,
        2.2208077907562256,
        2.217883348464966,
        2.216571807861328,
        2.215852975845337,
        2.2126362323760986,
        2.21246337890625,
        2.211169481277466,
        2.2095916271209717
    ],
    "all_tr_acc": [
        0.1836734693877551,
        0.2770800627943485,
        0.3901098901098901,
        0.434850863422292,
        0.4740973312401884,
        0.49529042386185246,
        0.5196232339089482,
        0.5259026687598116,
        0.543171114599686,
        0.543171114599686,
        0.5572998430141287,
        0.5675039246467818,
        0.5753532182103611,
        0.5934065934065934,
        0.5855572998430141
    ],
    "all_test_acc": [
        0.22884012539184953,
        0.3761755485893417,
        0.4106583072100313,
        0.41379310344827586,
        0.45141065830721006,
        0.47962382445141066,
        0.4702194357366771,
        0.4952978056426332,
        0.5015673981191222,
        0.5015673981191222,
        0.5078369905956113,
        0.5517241379310345,
        0.5360501567398119,
        0.54858934169279,
        0.5830721003134797
    ],
    "models_tensors": "../exps/Setting_5/models_tensors_1.pth"
}