{
    "permutation_seed": 46,
    "test_size": 0.2,
    "partition_seed": 42,
    "n_class": 10,
    "all_tr_loss": [
        2.2683932339564974,
        2.2176289782980736,
        2.190729429433634,
        2.1755149517927665,
        2.16247050728491,
        2.1527229796399125,
        2.144981100944747,
        2.1408378449115126,
        2.135116771027282,
        2.132649005862944,
        2.1281817524549163,
        2.1257902052563438,
        2.122865009158148,
        2.118513507783132,
        2.1165538844732885,
        2.1147926059585163,
        2.1125209672110423,
        2.11106668985807,
        2.1106801796558328,
        2.1086662889836907,
        2.1065539007471346,
        2.1046697292447654,
        2.1028025779095323,
        2.1008826934000013,
        2.1020296274960697,
        2.100821797477207,
        2.0989346448068904,
        2.099059854234968,
        2.0991684533363233,
        2.0980571686192246
    ],
    "all_test_loss": [
        2.2356033325195312,
        2.2068533897399902,
        2.1918177604675293,
        2.179348945617676,
        2.17313551902771,
        2.169386863708496,
        2.1652474403381348,
        2.161237955093384,
        2.1587345600128174,
        2.1553263664245605,
        2.1539459228515625,
        2.153212785720825,
        2.1514034271240234,
        2.15230393409729,
        2.145299196243286,
        2.1480963230133057,
        2.145151138305664,
        2.1455278396606445,
        2.1467018127441406,
        2.143920660018921,
        2.142925500869751,
        2.1432409286499023,
        2.1403260231018066,
        2.143711805343628,
        2.1414685249328613,
        2.1422739028930664,
        2.1409735679626465,
        2.1439781188964844,
        2.142545223236084,
        2.1406309604644775
    ],
    "all_tr_acc": [
        0.4403453689167975,
        0.7739403453689168,
        0.8649921507064364,
        0.8971742543171115,
        0.9105180533751962,
        0.9262166405023547,
        0.9372056514913658,
        0.934850863422292,
        0.9442700156985872,
        0.9474097331240189,
        0.9481946624803768,
        0.956828885400314,
        0.9552590266875981,
        0.9599686028257457,
        0.9646781789638933,
        0.9646781789638933,
        0.9686028257456829,
        0.9678178963893249,
        0.9701726844583988,
        0.9717425431711146,
        0.9717425431711146,
        0.9693877551020408,
        0.9740973312401884,
        0.9740973312401884,
        0.9764521193092621,
        0.9803767660910518,
        0.9756671899529042,
        0.9803767660910518,
        0.9803767660910518,
        0.978806907378336
    ],
    "all_test_acc": [
        0.6990595611285266,
        0.8150470219435737,
        0.8620689655172413,
        0.8871473354231975,
        0.8746081504702194,
        0.8840125391849529,
        0.8934169278996865,
        0.8746081504702194,
        0.896551724137931,
        0.8808777429467085,
        0.877742946708464,
        0.8840125391849529,
        0.8996865203761756,
        0.8840125391849529,
        0.8996865203761756,
        0.896551724137931,
        0.9059561128526645,
        0.9090909090909091,
        0.9216300940438872,
        0.9059561128526645,
        0.9059561128526645,
        0.8996865203761756,
        0.9059561128526645,
        0.896551724137931,
        0.9028213166144201,
        0.896551724137931,
        0.9059561128526645,
        0.8934169278996865,
        0.896551724137931,
        0.8934169278996865
    ],
    "models_tensors": "../exps/Setting_5/models_tensors_2x4.pth"
}