{
    "permutation_seed": 46,
    "test_size": 0.2,
    "partition_seed": 42,
    "n_class": 10,
    "all_tr_loss": [
        2.2689890895196743,
        2.2214946462370726,
        2.2011807750869585,
        2.187923925450683,
        2.177113270273014,
        2.1699672288011342,
        2.1649815085544315,
        2.161554757991054,
        2.156496658055711,
        2.1523058081346926,
        2.1478287226738324,
        2.1480979758491694,
        2.144840278655431,
        2.142517675597402,
        2.1401889649814865,
        2.138753367742901,
        2.1364158356395584,
        2.1343112092938865,
        2.134622049107095,
        2.1345810658141993,
        2.131807885327182,
        2.1298385703208123,
        2.129118723248013,
        2.127781269127383,
        2.1267104889946045,
        2.1320486850978067,
        2.1293274603982923,
        2.1267870745067508,
        2.125161791895772,
        2.1235525099037207
    ],
    "all_test_loss": [
        2.2372615337371826,
        2.2149817943573,
        2.202252149581909,
        2.1924493312835693,
        2.186248540878296,
        2.183382987976074,
        2.184084892272949,
        2.1836843490600586,
        2.1773478984832764,
        2.175261974334717,
        2.173093318939209,
        2.1721386909484863,
        2.1715247631073,
        2.171551465988159,
        2.171602964401245,
        2.1721739768981934,
        2.1712138652801514,
        2.173297166824341,
        2.170365810394287,
        2.1698338985443115,
        2.168935537338257,
        2.1696200370788574,
        2.1709885597229004,
        2.1681907176971436,
        2.1686272621154785,
        2.1735355854034424,
        2.1667251586914062,
        2.167571783065796,
        2.1648032665252686,
        2.166102647781372
    ],
    "all_tr_acc": [
        0.3814756671899529,
        0.6130298273155416,
        0.6711145996860283,
        0.7307692307692307,
        0.7425431711145997,
        0.7747252747252747,
        0.7864992150706437,
        0.7912087912087912,
        0.8100470957613815,
        0.8218210361067504,
        0.8328100470957613,
        0.8320251177394035,
        0.8398744113029827,
        0.8453689167974883,
        0.8492935635792779,
        0.8540031397174255,
        0.8516483516483516,
        0.859497645211931,
        0.8649921507064364,
        0.8673469387755102,
        0.8626373626373627,
        0.8759811616954474,
        0.8767660910518054,
        0.8830455259026687,
        0.8814756671899528,
        0.8720565149136578,
        0.8759811616954474,
        0.880690737833595,
        0.8861852433281004,
        0.8869701726844584
    ],
    "all_test_acc": [
        0.5297805642633229,
        0.6112852664576802,
        0.6896551724137931,
        0.6896551724137931,
        0.6833855799373041,
        0.6990595611285266,
        0.7147335423197492,
        0.6959247648902821,
        0.7021943573667712,
        0.7241379310344828,
        0.6959247648902821,
        0.7021943573667712,
        0.7115987460815048,
        0.7178683385579937,
        0.7178683385579937,
        0.7210031347962382,
        0.7210031347962382,
        0.7084639498432602,
        0.6959247648902821,
        0.7272727272727273,
        0.7115987460815048,
        0.7241379310344828,
        0.7147335423197492,
        0.7178683385579937,
        0.7241379310344828,
        0.7366771159874608,
        0.7178683385579937,
        0.7115987460815048,
        0.7398119122257053,
        0.7178683385579937
    ],
    "models_tensors": "../exps/Setting_5/models_tensors_8x1.pth"
}